timestamp,algorithm,dataset,n_iters,actual_iterations,dimensionality,data_size,n_clusters,construction_time_ms,threads,final_objective,recall@10@0.10,recall_std@10@0.10,centroids_explored@10@0.10,vectors_explored@10@0.10,recall@10@0.20,recall_std@10@0.20,centroids_explored@10@0.20,vectors_explored@10@0.20,recall@10@0.30,recall_std@10@0.30,centroids_explored@10@0.30,vectors_explored@10@0.30,recall@10@0.40,recall_std@10@0.40,centroids_explored@10@0.40,vectors_explored@10@0.40,recall@10@0.50,recall_std@10@0.50,centroids_explored@10@0.50,vectors_explored@10@0.50,recall@10@0.60,recall_std@10@0.60,centroids_explored@10@0.60,vectors_explored@10@0.60,recall@10@0.70,recall_std@10@0.70,centroids_explored@10@0.70,vectors_explored@10@0.70,recall@10@0.80,recall_std@10@0.80,centroids_explored@10@0.80,vectors_explored@10@0.80,recall@10@0.90,recall_std@10@0.90,centroids_explored@10@0.90,vectors_explored@10@0.90,recall@10@1.00,recall_std@10@1.00,centroids_explored@10@1.00,vectors_explored@10@1.00,recall@10@1.25,recall_std@10@1.25,centroids_explored@10@1.25,vectors_explored@10@1.25,recall@10@1.50,recall_std@10@1.50,centroids_explored@10@1.50,vectors_explored@10@1.50,recall@10@1.75,recall_std@10@1.75,centroids_explored@10@1.75,vectors_explored@10@1.75,recall@10@2.00,recall_std@10@2.00,centroids_explored@10@2.00,vectors_explored@10@2.00,recall@10@2.25,recall_std@10@2.25,centroids_explored@10@2.25,vectors_explored@10@2.25,recall@10@2.50,recall_std@10@2.50,centroids_explored@10@2.50,vectors_explored@10@2.50,recall@10@2.75,recall_std@10@2.75,centroids_explored@10@2.75,vectors_explored@10@2.75,recall@10@3.00,recall_std@10@3.00,centroids_explored@10@3.00,vectors_explored@10@3.00,recall@10@3.25,recall_std@10@3.25,centroids_explored@10@3.25,vectors_explored@10@3.25,recall@10@3.50,recall_std@10@3.50,centroids_explored@10@3.50,vectors_explored@10@3.50,recall@10@3.75,recall_std@10@3.75,centroids_explored@10@3.75,vectors_explored@10@3.75,recall@10@4.00,recall_std@10@4.00,centroids_explored@10@4.00,vectors_explored@10@4.00,recall@10@4.25,recall_std@10@4.25,centroids_explored@10@4.25,vectors_explored@10@4.25,recall@10@4.50,recall_std@10@4.50,centroids_explored@10@4.50,vectors_explored@10@4.50,recall@10@4.75,recall_std@10@4.75,centroids_explored@10@4.75,vectors_explored@10@4.75,recall@10@5.00,recall_std@10@5.00,centroids_explored@10@5.00,vectors_explored@10@5.00,recall@10@10.00,recall_std@10@10.00,centroids_explored@10@10.00,vectors_explored@10@10.00,recall@100@0.10,recall_std@100@0.10,centroids_explored@100@0.10,vectors_explored@100@0.10,recall@100@0.20,recall_std@100@0.20,centroids_explored@100@0.20,vectors_explored@100@0.20,recall@100@0.30,recall_std@100@0.30,centroids_explored@100@0.30,vectors_explored@100@0.30,recall@100@0.40,recall_std@100@0.40,centroids_explored@100@0.40,vectors_explored@100@0.40,recall@100@0.50,recall_std@100@0.50,centroids_explored@100@0.50,vectors_explored@100@0.50,recall@100@0.60,recall_std@100@0.60,centroids_explored@100@0.60,vectors_explored@100@0.60,recall@100@0.70,recall_std@100@0.70,centroids_explored@100@0.70,vectors_explored@100@0.70,recall@100@0.80,recall_std@100@0.80,centroids_explored@100@0.80,vectors_explored@100@0.80,recall@100@0.90,recall_std@100@0.90,centroids_explored@100@0.90,vectors_explored@100@0.90,recall@100@1.00,recall_std@100@1.00,centroids_explored@100@1.00,vectors_explored@100@1.00,recall@100@1.25,recall_std@100@1.25,centroids_explored@100@1.25,vectors_explored@100@1.25,recall@100@1.50,recall_std@100@1.50,centroids_explored@100@1.50,vectors_explored@100@1.50,recall@100@1.75,recall_std@100@1.75,centroids_explored@100@1.75,vectors_explored@100@1.75,recall@100@2.00,recall_std@100@2.00,centroids_explored@100@2.00,vectors_explored@100@2.00,recall@100@2.25,recall_std@100@2.25,centroids_explored@100@2.25,vectors_explored@100@2.25,recall@100@2.50,recall_std@100@2.50,centroids_explored@100@2.50,vectors_explored@100@2.50,recall@100@2.75,recall_std@100@2.75,centroids_explored@100@2.75,vectors_explored@100@2.75,recall@100@3.00,recall_std@100@3.00,centroids_explored@100@3.00,vectors_explored@100@3.00,recall@100@3.25,recall_std@100@3.25,centroids_explored@100@3.25,vectors_explored@100@3.25,recall@100@3.50,recall_std@100@3.50,centroids_explored@100@3.50,vectors_explored@100@3.50,recall@100@3.75,recall_std@100@3.75,centroids_explored@100@3.75,vectors_explored@100@3.75,recall@100@4.00,recall_std@100@4.00,centroids_explored@100@4.00,vectors_explored@100@4.00,recall@100@4.25,recall_std@100@4.25,centroids_explored@100@4.25,vectors_explored@100@4.25,recall@100@4.50,recall_std@100@4.50,centroids_explored@100@4.50,vectors_explored@100@4.50,recall@100@4.75,recall_std@100@4.75,centroids_explored@100@4.75,vectors_explored@100@4.75,recall@100@5.00,recall_std@100@5.00,centroids_explored@100@5.00,vectors_explored@100@5.00,recall@100@10.00,recall_std@100@10.00,centroids_explored@100@10.00,vectors_explored@100@10.00,balance_stats,config
2026-07-30 11:57:17,superkmeans,arxiv,25,25,768,2253000,6003,53764.67,96,382684.531250,0.793700,0.226940,6,2565.20,0.866501,0.180944,12,5037.73,0.900801,0.150937,18,7497.05,0.922401,0.130825,24,9951.56,0.937601,0.113839,30,12370.36,0.947401,0.100714,36,14812.09,0.954201,0.093440,42,17222.76,0.959801,0.086669,48,19625.93,0.965001,0.080259,54,22021.48,0.969401,0.073954,60,24427.90,0.976301,0.060266,75,30431.90,0.980401,0.054025,90,36428.29,0.984201,0.048090,105,42375.84,0.987801,0.041144,120,48355.46,0.989300,0.038949,135,54308.93,0.990700,0.035844,150,60231.44,0.991400,0.033870,165,66159.18,0.992200,0.031940,180,72082.07,0.993200,0.029234,195,78017.23,0.993800,0.028326,210,83947.70,0.994600,0.026675,225,89846.09,0.995000,0.025994,240,95754.19,0.995800,0.024555,255,101645.43,0.996300,0.023170,270,107523.59,0.996700,0.021899,285,113389.10,0.997100,0.021025,300,119252.76,0.999100,0.011372,600,235544.44,0.666170,0.211166,6,2565.20,0.768510,0.178147,12,5037.73,0.818580,0.154774,18,7497.05,0.853489,0.133676,24,9951.56,0.875260,0.119527,30,12370.36,0.892139,0.108746,36,14812.09,0.904759,0.099955,42,17222.76,0.915669,0.091889,48,19625.93,0.924289,0.085841,54,22021.48,0.931248,0.079933,60,24427.90,0.944719,0.068169,75,30431.90,0.954108,0.059732,90,36428.29,0.961428,0.052130,105,42375.84,0.966948,0.046619,120,48355.46,0.971218,0.042087,135,54308.93,0.974738,0.038684,150,60231.44,0.977768,0.035185,165,66159.18,0.980448,0.031980,180,72082.07,0.982818,0.029060,195,78017.23,0.984528,0.027091,210,83947.70,0.986058,0.024692,225,89846.09,0.987388,0.023178,240,95754.19,0.988398,0.021912,255,101645.43,0.989408,0.020663,270,107523.59,0.990418,0.018915,285,113389.10,0.991318,0.017583,300,119252.76,0.997929,0.007047,600,235544.44,"{""mean"":375.312,""geometric_mean"":342.965,""stdev"":135.137,""cv"":0.360066,""min"":1,""max"":1020}","{""silhouette"":0.053634,""recall_tol"":0.005000,""sampling_fraction"":1.000000,""iters"":25,""sample_queries"":false,""early_termination"":false,""n_threads"":96,""calinski_harabasz"":286.357250,""unrotate_centroids"":true,""verbose"":false,""seed"":42,""use_blas_only"":false,""tol"":0.000100,""ann_explore_fraction"":0.010000,""objective_k"":100}"
2026-07-30 11:58:34,superkmeans,arxiv,25,25,768,2253000,6003,54304.90,64,382684.531250,0.793700,0.226940,6,2565.20,0.866501,0.180944,12,5037.73,0.900801,0.150937,18,7497.05,0.922401,0.130825,24,9951.56,0.937601,0.113839,30,12370.36,0.947401,0.100714,36,14812.09,0.954201,0.093440,42,17222.76,0.959801,0.086669,48,19625.93,0.965001,0.080259,54,22021.48,0.969401,0.073954,60,24427.90,0.976301,0.060266,75,30431.90,0.980401,0.054025,90,36428.29,0.984201,0.048090,105,42375.84,0.987801,0.041144,120,48355.46,0.989300,0.038949,135,54308.93,0.990700,0.035844,150,60231.44,0.991400,0.033870,165,66159.18,0.992200,0.031940,180,72082.07,0.993200,0.029234,195,78017.23,0.993800,0.028326,210,83947.70,0.994600,0.026675,225,89846.09,0.995000,0.025994,240,95754.19,0.995800,0.024555,255,101645.43,0.996300,0.023170,270,107523.59,0.996700,0.021899,285,113389.10,0.997100,0.021025,300,119252.76,0.999100,0.011372,600,235544.44,0.666170,0.211166,6,2565.20,0.768510,0.178147,12,5037.73,0.818580,0.154774,18,7497.05,0.853489,0.133676,24,9951.56,0.875260,0.119527,30,12370.36,0.892139,0.108746,36,14812.09,0.904759,0.099955,42,17222.76,0.915669,0.091889,48,19625.93,0.924289,0.085841,54,22021.48,0.931248,0.079933,60,24427.90,0.944719,0.068169,75,30431.90,0.954108,0.059732,90,36428.29,0.961428,0.052130,105,42375.84,0.966948,0.046619,120,48355.46,0.971218,0.042087,135,54308.93,0.974738,0.038684,150,60231.44,0.977768,0.035185,165,66159.18,0.980448,0.031980,180,72082.07,0.982818,0.029060,195,78017.23,0.984528,0.027091,210,83947.70,0.986058,0.024692,225,89846.09,0.987388,0.023178,240,95754.19,0.988398,0.021912,255,101645.43,0.989408,0.020663,270,107523.59,0.990418,0.018915,285,113389.10,0.991318,0.017583,300,119252.76,0.997929,0.007047,600,235544.44,"{""mean"":375.312,""geometric_mean"":342.965,""stdev"":135.137,""cv"":0.360066,""min"":1,""max"":1020}","{""silhouette"":0.053634,""recall_tol"":0.005000,""sampling_fraction"":1.000000,""iters"":25,""sample_queries"":false,""early_termination"":false,""n_threads"":64,""calinski_harabasz"":286.357250,""unrotate_centroids"":true,""verbose"":false,""seed"":42,""use_blas_only"":false,""tol"":0.000100,""ann_explore_fraction"":0.010000,""objective_k"":100}"
2026-07-30 11:59:39,superkmeans,arxiv,25,25,768,2253000,6003,44110.26,48,382684.531250,0.793700,0.226940,6,2565.20,0.866501,0.180944,12,5037.73,0.900801,0.150937,18,7497.05,0.922401,0.130825,24,9951.56,0.937601,0.113839,30,12370.36,0.947401,0.100714,36,14812.09,0.954201,0.093440,42,17222.76,0.959801,0.086669,48,19625.93,0.965001,0.080259,54,22021.48,0.969401,0.073954,60,24427.90,0.976301,0.060266,75,30431.90,0.980401,0.054025,90,36428.29,0.984201,0.048090,105,42375.84,0.987801,0.041144,120,48355.46,0.989300,0.038949,135,54308.93,0.990700,0.035844,150,60231.44,0.991400,0.033870,165,66159.18,0.992200,0.031940,180,72082.07,0.993200,0.029234,195,78017.23,0.993800,0.028326,210,83947.70,0.994600,0.026675,225,89846.09,0.995000,0.025994,240,95754.19,0.995800,0.024555,255,101645.43,0.996300,0.023170,270,107523.59,0.996700,0.021899,285,113389.10,0.997100,0.021025,300,119252.76,0.999100,0.011372,600,235544.44,0.666170,0.211166,6,2565.20,0.768510,0.178147,12,5037.73,0.818580,0.154774,18,7497.05,0.853489,0.133676,24,9951.56,0.875260,0.119527,30,12370.36,0.892139,0.108746,36,14812.09,0.904759,0.099955,42,17222.76,0.915669,0.091889,48,19625.93,0.924289,0.085841,54,22021.48,0.931248,0.079933,60,24427.90,0.944719,0.068169,75,30431.90,0.954108,0.059732,90,36428.29,0.961428,0.052130,105,42375.84,0.966948,0.046619,120,48355.46,0.971218,0.042087,135,54308.93,0.974738,0.038684,150,60231.44,0.977768,0.035185,165,66159.18,0.980448,0.031980,180,72082.07,0.982818,0.029060,195,78017.23,0.984528,0.027091,210,83947.70,0.986058,0.024692,225,89846.09,0.987388,0.023178,240,95754.19,0.988398,0.021912,255,101645.43,0.989408,0.020663,270,107523.59,0.990418,0.018915,285,113389.10,0.991318,0.017583,300,119252.76,0.997929,0.007047,600,235544.44,"{""mean"":375.312,""geometric_mean"":342.965,""stdev"":135.137,""cv"":0.360066,""min"":1,""max"":1020}","{""silhouette"":0.053634,""recall_tol"":0.005000,""sampling_fraction"":1.000000,""iters"":25,""sample_queries"":false,""early_termination"":false,""n_threads"":48,""calinski_harabasz"":286.357250,""unrotate_centroids"":true,""verbose"":false,""seed"":42,""use_blas_only"":false,""tol"":0.000100,""ann_explore_fraction"":0.010000,""objective_k"":100}"
2026-07-30 12:00:49,superkmeans,arxiv,25,25,768,2253000,6003,46735.34,32,382684.531250,0.793700,0.226940,6,2565.20,0.866501,0.180944,12,5037.73,0.900801,0.150937,18,7497.05,0.922401,0.130825,24,9951.56,0.937601,0.113839,30,12370.36,0.947401,0.100714,36,14812.09,0.954201,0.093440,42,17222.76,0.959801,0.086669,48,19625.93,0.965001,0.080259,54,22021.48,0.969401,0.073954,60,24427.90,0.976301,0.060266,75,30431.90,0.980401,0.054025,90,36428.29,0.984201,0.048090,105,42375.84,0.987801,0.041144,120,48355.46,0.989300,0.038949,135,54308.93,0.990700,0.035844,150,60231.44,0.991400,0.033870,165,66159.18,0.992200,0.031940,180,72082.07,0.993200,0.029234,195,78017.23,0.993800,0.028326,210,83947.70,0.994600,0.026675,225,89846.09,0.995000,0.025994,240,95754.19,0.995800,0.024555,255,101645.43,0.996300,0.023170,270,107523.59,0.996700,0.021899,285,113389.10,0.997100,0.021025,300,119252.76,0.999100,0.011372,600,235544.44,0.666170,0.211166,6,2565.20,0.768510,0.178147,12,5037.73,0.818580,0.154774,18,7497.05,0.853489,0.133676,24,9951.56,0.875260,0.119527,30,12370.36,0.892139,0.108746,36,14812.09,0.904759,0.099955,42,17222.76,0.915669,0.091889,48,19625.93,0.924289,0.085841,54,22021.48,0.931248,0.079933,60,24427.90,0.944719,0.068169,75,30431.90,0.954108,0.059732,90,36428.29,0.961428,0.052130,105,42375.84,0.966948,0.046619,120,48355.46,0.971218,0.042087,135,54308.93,0.974738,0.038684,150,60231.44,0.977768,0.035185,165,66159.18,0.980448,0.031980,180,72082.07,0.982818,0.029060,195,78017.23,0.984528,0.027091,210,83947.70,0.986058,0.024692,225,89846.09,0.987388,0.023178,240,95754.19,0.988398,0.021912,255,101645.43,0.989408,0.020663,270,107523.59,0.990418,0.018915,285,113389.10,0.991318,0.017583,300,119252.76,0.997929,0.007047,600,235544.44,"{""mean"":375.312,""geometric_mean"":342.965,""stdev"":135.137,""cv"":0.360066,""min"":1,""max"":1020}","{""silhouette"":0.053634,""recall_tol"":0.005000,""sampling_fraction"":1.000000,""iters"":25,""sample_queries"":false,""early_termination"":false,""n_threads"":32,""calinski_harabasz"":286.357250,""unrotate_centroids"":true,""verbose"":false,""seed"":42,""use_blas_only"":false,""tol"":0.000100,""ann_explore_fraction"":0.010000,""objective_k"":100}"
2026-07-30 12:02:13,superkmeans,arxiv,25,25,768,2253000,6003,59703.71,24,382684.531250,0.793700,0.226940,6,2565.20,0.866501,0.180944,12,5037.73,0.900801,0.150937,18,7497.05,0.922401,0.130825,24,9951.56,0.937601,0.113839,30,12370.36,0.947401,0.100714,36,14812.09,0.954201,0.093440,42,17222.76,0.959801,0.086669,48,19625.93,0.965001,0.080259,54,22021.48,0.969401,0.073954,60,24427.90,0.976301,0.060266,75,30431.90,0.980401,0.054025,90,36428.29,0.984201,0.048090,105,42375.84,0.987801,0.041144,120,48355.46,0.989300,0.038949,135,54308.93,0.990700,0.035844,150,60231.44,0.991400,0.033870,165,66159.18,0.992200,0.031940,180,72082.07,0.993200,0.029234,195,78017.23,0.993800,0.028326,210,83947.70,0.994600,0.026675,225,89846.09,0.995000,0.025994,240,95754.19,0.995800,0.024555,255,101645.43,0.996300,0.023170,270,107523.59,0.996700,0.021899,285,113389.10,0.997100,0.021025,300,119252.76,0.999100,0.011372,600,235544.44,0.666170,0.211166,6,2565.20,0.768510,0.178147,12,5037.73,0.818580,0.154774,18,7497.05,0.853489,0.133676,24,9951.56,0.875260,0.119527,30,12370.36,0.892139,0.108746,36,14812.09,0.904759,0.099955,42,17222.76,0.915669,0.091889,48,19625.93,0.924289,0.085841,54,22021.48,0.931248,0.079933,60,24427.90,0.944719,0.068169,75,30431.90,0.954108,0.059732,90,36428.29,0.961428,0.052130,105,42375.84,0.966948,0.046619,120,48355.46,0.971218,0.042087,135,54308.93,0.974738,0.038684,150,60231.44,0.977768,0.035185,165,66159.18,0.980448,0.031980,180,72082.07,0.982818,0.029060,195,78017.23,0.984528,0.027091,210,83947.70,0.986058,0.024692,225,89846.09,0.987388,0.023178,240,95754.19,0.988398,0.021912,255,101645.43,0.989408,0.020663,270,107523.59,0.990418,0.018915,285,113389.10,0.991318,0.017583,300,119252.76,0.997929,0.007047,600,235544.44,"{""mean"":375.312,""geometric_mean"":342.965,""stdev"":135.137,""cv"":0.360066,""min"":1,""max"":1020}","{""silhouette"":0.053634,""recall_tol"":0.005000,""sampling_fraction"":1.000000,""iters"":25,""sample_queries"":false,""early_termination"":false,""n_threads"":24,""calinski_harabasz"":286.357250,""unrotate_centroids"":true,""verbose"":false,""seed"":42,""use_blas_only"":false,""tol"":0.000100,""ann_explore_fraction"":0.010000,""objective_k"":100}"
2026-07-30 12:03:53,superkmeans,arxiv,25,25,768,2253000,6003,73713.03,16,382684.531250,0.793700,0.226940,6,2565.20,0.866501,0.180944,12,5037.73,0.900801,0.150937,18,7497.05,0.922401,0.130825,24,9951.56,0.937601,0.113839,30,12370.36,0.947401,0.100714,36,14812.09,0.954201,0.093440,42,17222.76,0.959801,0.086669,48,19625.93,0.965001,0.080259,54,22021.48,0.969401,0.073954,60,24427.90,0.976301,0.060266,75,30431.90,0.980401,0.054025,90,36428.29,0.984201,0.048090,105,42375.84,0.987801,0.041144,120,48355.46,0.989300,0.038949,135,54308.93,0.990700,0.035844,150,60231.44,0.991400,0.033870,165,66159.18,0.992200,0.031940,180,72082.07,0.993200,0.029234,195,78017.23,0.993800,0.028326,210,83947.70,0.994600,0.026675,225,89846.09,0.995000,0.025994,240,95754.19,0.995800,0.024555,255,101645.43,0.996300,0.023170,270,107523.59,0.996700,0.021899,285,113389.10,0.997100,0.021025,300,119252.76,0.999100,0.011372,600,235544.44,0.666170,0.211166,6,2565.20,0.768510,0.178147,12,5037.73,0.818580,0.154774,18,7497.05,0.853489,0.133676,24,9951.56,0.875260,0.119527,30,12370.36,0.892139,0.108746,36,14812.09,0.904759,0.099955,42,17222.76,0.915669,0.091889,48,19625.93,0.924289,0.085841,54,22021.48,0.931248,0.079933,60,24427.90,0.944719,0.068169,75,30431.90,0.954108,0.059732,90,36428.29,0.961428,0.052130,105,42375.84,0.966948,0.046619,120,48355.46,0.971218,0.042087,135,54308.93,0.974738,0.038684,150,60231.44,0.977768,0.035185,165,66159.18,0.980448,0.031980,180,72082.07,0.982818,0.029060,195,78017.23,0.984528,0.027091,210,83947.70,0.986058,0.024692,225,89846.09,0.987388,0.023178,240,95754.19,0.988398,0.021912,255,101645.43,0.989408,0.020663,270,107523.59,0.990418,0.018915,285,113389.10,0.991318,0.017583,300,119252.76,0.997929,0.007047,600,235544.44,"{""mean"":375.312,""geometric_mean"":342.965,""stdev"":135.137,""cv"":0.360066,""min"":1,""max"":1020}","{""silhouette"":0.053634,""recall_tol"":0.005000,""sampling_fraction"":1.000000,""iters"":25,""sample_queries"":false,""early_termination"":false,""n_threads"":16,""calinski_harabasz"":286.357250,""unrotate_centroids"":true,""verbose"":false,""seed"":42,""use_blas_only"":false,""tol"":0.000100,""ann_explore_fraction"":0.010000,""objective_k"":100}"
2026-07-30 12:06:26,superkmeans,arxiv,25,25,768,2253000,6003,117381.03,8,382684.531250,0.793700,0.226940,6,2565.20,0.866501,0.180944,12,5037.73,0.900801,0.150937,18,7497.05,0.922401,0.130825,24,9951.56,0.937601,0.113839,30,12370.36,0.947401,0.100714,36,14812.09,0.954201,0.093440,42,17222.76,0.959801,0.086669,48,19625.93,0.965001,0.080259,54,22021.48,0.969401,0.073954,60,24427.90,0.976301,0.060266,75,30431.90,0.980401,0.054025,90,36428.29,0.984201,0.048090,105,42375.84,0.987801,0.041144,120,48355.46,0.989300,0.038949,135,54308.93,0.990700,0.035844,150,60231.44,0.991400,0.033870,165,66159.18,0.992200,0.031940,180,72082.07,0.993200,0.029234,195,78017.23,0.993800,0.028326,210,83947.70,0.994600,0.026675,225,89846.09,0.995000,0.025994,240,95754.19,0.995800,0.024555,255,101645.43,0.996300,0.023170,270,107523.59,0.996700,0.021899,285,113389.10,0.997100,0.021025,300,119252.76,0.999100,0.011372,600,235544.44,0.666170,0.211166,6,2565.20,0.768510,0.178147,12,5037.73,0.818580,0.154774,18,7497.05,0.853489,0.133676,24,9951.56,0.875260,0.119527,30,12370.36,0.892139,0.108746,36,14812.09,0.904759,0.099955,42,17222.76,0.915669,0.091889,48,19625.93,0.924289,0.085841,54,22021.48,0.931248,0.079933,60,24427.90,0.944719,0.068169,75,30431.90,0.954108,0.059732,90,36428.29,0.961428,0.052130,105,42375.84,0.966948,0.046619,120,48355.46,0.971218,0.042087,135,54308.93,0.974738,0.038684,150,60231.44,0.977768,0.035185,165,66159.18,0.980448,0.031980,180,72082.07,0.982818,0.029060,195,78017.23,0.984528,0.027091,210,83947.70,0.986058,0.024692,225,89846.09,0.987388,0.023178,240,95754.19,0.988398,0.021912,255,101645.43,0.989408,0.020663,270,107523.59,0.990418,0.018915,285,113389.10,0.991318,0.017583,300,119252.76,0.997929,0.007047,600,235544.44,"{""mean"":375.312,""geometric_mean"":342.965,""stdev"":135.137,""cv"":0.360066,""min"":1,""max"":1020}","{""silhouette"":0.053634,""recall_tol"":0.005000,""sampling_fraction"":1.000000,""iters"":25,""sample_queries"":false,""early_termination"":false,""n_threads"":8,""calinski_harabasz"":286.357250,""unrotate_centroids"":true,""verbose"":false,""seed"":42,""use_blas_only"":false,""tol"":0.000100,""ann_explore_fraction"":0.010000,""objective_k"":100}"
2026-07-30 12:11:04,superkmeans,arxiv,25,25,768,2253000,6003,222878.86,4,382684.531250,0.793700,0.226940,6,2565.20,0.866501,0.180944,12,5037.73,0.900801,0.150937,18,7497.05,0.922401,0.130825,24,9951.56,0.937601,0.113839,30,12370.36,0.947401,0.100714,36,14812.09,0.954201,0.093440,42,17222.76,0.959801,0.086669,48,19625.93,0.965001,0.080259,54,22021.48,0.969401,0.073954,60,24427.90,0.976301,0.060266,75,30431.90,0.980401,0.054025,90,36428.29,0.984201,0.048090,105,42375.84,0.987801,0.041144,120,48355.46,0.989300,0.038949,135,54308.93,0.990700,0.035844,150,60231.44,0.991400,0.033870,165,66159.18,0.992200,0.031940,180,72082.07,0.993200,0.029234,195,78017.23,0.993800,0.028326,210,83947.70,0.994600,0.026675,225,89846.09,0.995000,0.025994,240,95754.19,0.995800,0.024555,255,101645.43,0.996300,0.023170,270,107523.59,0.996700,0.021899,285,113389.10,0.997100,0.021025,300,119252.76,0.999100,0.011372,600,235544.44,0.666170,0.211166,6,2565.20,0.768510,0.178147,12,5037.73,0.818580,0.154774,18,7497.05,0.853489,0.133676,24,9951.56,0.875260,0.119527,30,12370.36,0.892139,0.108746,36,14812.09,0.904759,0.099955,42,17222.76,0.915669,0.091889,48,19625.93,0.924289,0.085841,54,22021.48,0.931248,0.079933,60,24427.90,0.944719,0.068169,75,30431.90,0.954108,0.059732,90,36428.29,0.961428,0.052130,105,42375.84,0.966948,0.046619,120,48355.46,0.971218,0.042087,135,54308.93,0.974738,0.038684,150,60231.44,0.977768,0.035185,165,66159.18,0.980448,0.031980,180,72082.07,0.982818,0.029060,195,78017.23,0.984528,0.027091,210,83947.70,0.986058,0.024692,225,89846.09,0.987388,0.023178,240,95754.19,0.988398,0.021912,255,101645.43,0.989408,0.020663,270,107523.59,0.990418,0.018915,285,113389.10,0.991318,0.017583,300,119252.76,0.997929,0.007047,600,235544.44,"{""mean"":375.312,""geometric_mean"":342.965,""stdev"":135.137,""cv"":0.360066,""min"":1,""max"":1020}","{""silhouette"":0.053634,""recall_tol"":0.005000,""sampling_fraction"":1.000000,""iters"":25,""sample_queries"":false,""early_termination"":false,""n_threads"":4,""calinski_harabasz"":286.357250,""unrotate_centroids"":true,""verbose"":false,""seed"":42,""use_blas_only"":false,""tol"":0.000100,""ann_explore_fraction"":0.010000,""objective_k"":100}"
2026-07-30 12:19:38,superkmeans,arxiv,25,25,768,2253000,6003,418321.20,2,382684.531250,0.793700,0.226940,6,2565.20,0.866501,0.180944,12,5037.73,0.900801,0.150937,18,7497.05,0.922401,0.130825,24,9951.56,0.937601,0.113839,30,12370.36,0.947401,0.100714,36,14812.09,0.954201,0.093440,42,17222.76,0.959801,0.086669,48,19625.93,0.965001,0.080259,54,22021.48,0.969401,0.073954,60,24427.90,0.976301,0.060266,75,30431.90,0.980401,0.054025,90,36428.29,0.984201,0.048090,105,42375.84,0.987801,0.041144,120,48355.46,0.989300,0.038949,135,54308.93,0.990700,0.035844,150,60231.44,0.991400,0.033870,165,66159.18,0.992200,0.031940,180,72082.07,0.993200,0.029234,195,78017.23,0.993800,0.028326,210,83947.70,0.994600,0.026675,225,89846.09,0.995000,0.025994,240,95754.19,0.995800,0.024555,255,101645.43,0.996300,0.023170,270,107523.59,0.996700,0.021899,285,113389.10,0.997100,0.021025,300,119252.76,0.999100,0.011372,600,235544.44,0.666170,0.211166,6,2565.20,0.768510,0.178147,12,5037.73,0.818580,0.154774,18,7497.05,0.853489,0.133676,24,9951.56,0.875260,0.119527,30,12370.36,0.892139,0.108746,36,14812.09,0.904759,0.099955,42,17222.76,0.915669,0.091889,48,19625.93,0.924289,0.085841,54,22021.48,0.931248,0.079933,60,24427.90,0.944719,0.068169,75,30431.90,0.954108,0.059732,90,36428.29,0.961428,0.052130,105,42375.84,0.966948,0.046619,120,48355.46,0.971218,0.042087,135,54308.93,0.974738,0.038684,150,60231.44,0.977768,0.035185,165,66159.18,0.980448,0.031980,180,72082.07,0.982818,0.029060,195,78017.23,0.984528,0.027091,210,83947.70,0.986058,0.024692,225,89846.09,0.987388,0.023178,240,95754.19,0.988398,0.021912,255,101645.43,0.989408,0.020663,270,107523.59,0.990418,0.018915,285,113389.10,0.991318,0.017583,300,119252.76,0.997929,0.007047,600,235544.44,"{""mean"":375.312,""geometric_mean"":342.965,""stdev"":135.137,""cv"":0.360066,""min"":1,""max"":1020}","{""silhouette"":0.053634,""recall_tol"":0.005000,""sampling_fraction"":1.000000,""iters"":25,""sample_queries"":false,""early_termination"":false,""n_threads"":2,""calinski_harabasz"":286.357250,""unrotate_centroids"":true,""verbose"":false,""seed"":42,""use_blas_only"":false,""tol"":0.000100,""ann_explore_fraction"":0.010000,""objective_k"":100}"
2026-07-30 12:36:07,superkmeans,arxiv,25,25,768,2253000,6003,816186.72,1,382682.593750,0.794800,0.224908,6,2561.73,0.868701,0.178836,12,5037.43,0.901501,0.149231,18,7501.96,0.923901,0.128278,24,9959.27,0.938101,0.113452,30,12382.81,0.947101,0.101596,36,14818.60,0.954501,0.092457,42,17231.60,0.959900,0.085845,48,19633.91,0.965601,0.077218,54,22031.91,0.969401,0.072863,60,24442.07,0.976601,0.058274,75,30450.49,0.980401,0.051947,90,36444.50,0.984601,0.046530,105,42400.39,0.987201,0.041447,120,48364.38,0.989101,0.039150,135,54318.14,0.990400,0.035625,150,60259.70,0.991100,0.033940,165,66193.80,0.992000,0.031575,180,72118.66,0.992701,0.029960,195,78043.86,0.993600,0.028633,210,83970.99,0.994100,0.027856,225,89862.27,0.994900,0.026546,240,95762.62,0.995500,0.025107,255,101655.52,0.996200,0.023369,270,107545.48,0.996500,0.022321,285,113413.48,0.997100,0.021024,300,119292.46,0.998900,0.012204,600,235593.41,0.665630,0.211013,6,2561.73,0.767979,0.177244,12,5037.43,0.819240,0.153995,18,7501.96,0.853890,0.133026,24,9959.27,0.875629,0.119107,30,12382.81,0.892609,0.107898,36,14818.60,0.905139,0.098982,42,17231.60,0.915939,0.091300,48,19633.91,0.924579,0.084810,54,22031.91,0.931289,0.079571,60,24442.07,0.945049,0.067810,75,30450.49,0.954189,0.059717,90,36444.50,0.961728,0.051730,105,42400.39,0.967098,0.046469,120,48364.38,0.971398,0.041888,135,54318.14,0.974888,0.038469,150,60259.70,0.977808,0.035318,165,66193.80,0.980698,0.031940,180,72118.66,0.982918,0.028988,195,78043.86,0.984718,0.026860,210,83970.99,0.986208,0.024717,225,89862.27,0.987508,0.023035,240,95762.62,0.988518,0.021774,255,101655.52,0.989578,0.020353,270,107545.48,0.990538,0.018870,285,113413.48,0.991488,0.017504,300,119292.46,0.997919,0.006980,600,235593.41,"{""mean"":375.312,""geometric_mean"":342.958,""stdev"":135.17,""cv"":0.360153,""min"":1,""max"":1045}","{""silhouette"":0.053644,""recall_tol"":0.005000,""sampling_fraction"":1.000000,""iters"":25,""sample_queries"":false,""early_termination"":false,""n_threads"":1,""calinski_harabasz"":286.366593,""unrotate_centroids"":true,""verbose"":false,""seed"":42,""use_blas_only"":false,""tol"":0.000100,""ann_explore_fraction"":0.010000,""objective_k"":100}"
2026-07-30 15:00:54,superkmeans,cohere,25,25,1024,10000000,12649,498513.49,96,5082167.000000,0.761501,0.327651,12,10903.29,0.814501,0.286498,25,22327.68,0.839501,0.265293,37,32810.48,0.856801,0.251391,50,44109.57,0.872101,0.236574,63,55393.44,0.882101,0.225257,75,65821.93,0.889801,0.218640,88,77069.55,0.896801,0.212120,101,88227.20,0.901601,0.208280,113,98569.34,0.904900,0.203931,126,109731.30,0.914601,0.189692,158,137365.53,0.920401,0.182640,189,163989.36,0.925601,0.176340,221,191376.44,0.928701,0.173078,252,217923.61,0.934001,0.164167,284,245283.45,0.937001,0.160614,316,272592.09,0.941800,0.153611,347,299141.09,0.945701,0.145955,379,326504.38,0.948601,0.140419,411,353825.06,0.950101,0.138199,442,380233.66,0.951801,0.135333,474,407563.19,0.953901,0.130927,505,433931.47,0.956500,0.125752,537,461214.81,0.957600,0.124006,569,488441.03,0.958700,0.122880,600,514762.94,0.959800,0.120825,632,542025.50,0.974001,0.092805,1264,1073748.12,0.718680,0.280572,12,10903.29,0.782010,0.250956,25,22327.68,0.809020,0.232725,37,32810.48,0.832219,0.217811,50,44109.57,0.847999,0.205724,63,55393.44,0.858619,0.198562,75,65821.93,0.867059,0.192811,88,77069.55,0.874809,0.186292,101,88227.20,0.880729,0.181070,113,98569.34,0.885969,0.176243,126,109731.30,0.897639,0.162818,158,137365.53,0.905799,0.154697,189,163989.36,0.911629,0.148611,221,191376.44,0.916919,0.143295,252,217923.61,0.922259,0.136650,284,245283.45,0.926409,0.131924,316,272592.09,0.930809,0.126303,347,299141.09,0.934939,0.120842,379,326504.38,0.937589,0.117543,411,353825.06,0.939939,0.114687,442,380233.66,0.942729,0.111354,474,407563.19,0.944939,0.108737,505,433931.47,0.947459,0.105373,537,461214.81,0.949489,0.102024,569,488441.03,0.950969,0.099939,600,514762.94,0.952689,0.097995,632,542025.50,0.971839,0.067946,1264,1073748.12,"{""mean"":790.576,""geometric_mean"":709.496,""stdev"":351.389,""cv"":0.444472,""min"":10,""max"":6970}","{""silhouette"":0.076036,""recall_tol"":0.005000,""sampling_fraction"":1.000000,""iters"":25,""sample_queries"":false,""early_termination"":false,""n_threads"":96,""calinski_harabasz"":533.998295,""unrotate_centroids"":true,""verbose"":false,""seed"":42,""use_blas_only"":false,""tol"":0.000100,""ann_explore_fraction"":0.010000,""objective_k"":100}"
2026-07-30 15:12:36,superkmeans,cohere,25,25,1024,10000000,12649,579302.37,64,5082167.000000,0.761501,0.327651,12,10903.29,0.814501,0.286498,25,22327.68,0.839501,0.265293,37,32810.48,0.856801,0.251391,50,44109.57,0.872101,0.236574,63,55393.44,0.882101,0.225257,75,65821.93,0.889801,0.218640,88,77069.55,0.896801,0.212120,101,88227.20,0.901601,0.208280,113,98569.34,0.904900,0.203931,126,109731.30,0.914601,0.189692,158,137365.53,0.920401,0.182640,189,163989.36,0.925601,0.176340,221,191376.44,0.928701,0.173078,252,217923.61,0.934001,0.164167,284,245283.45,0.937001,0.160614,316,272592.09,0.941800,0.153611,347,299141.09,0.945701,0.145955,379,326504.38,0.948601,0.140419,411,353825.06,0.950101,0.138199,442,380233.66,0.951801,0.135333,474,407563.19,0.953901,0.130927,505,433931.47,0.956500,0.125752,537,461214.81,0.957600,0.124006,569,488441.03,0.958700,0.122880,600,514762.94,0.959800,0.120825,632,542025.50,0.974001,0.092805,1264,1073748.12,0.718680,0.280572,12,10903.29,0.782010,0.250956,25,22327.68,0.809020,0.232725,37,32810.48,0.832219,0.217811,50,44109.57,0.847999,0.205724,63,55393.44,0.858619,0.198562,75,65821.93,0.867059,0.192811,88,77069.55,0.874809,0.186292,101,88227.20,0.880729,0.181070,113,98569.34,0.885969,0.176243,126,109731.30,0.897639,0.162818,158,137365.53,0.905799,0.154697,189,163989.36,0.911629,0.148611,221,191376.44,0.916919,0.143295,252,217923.61,0.922259,0.136650,284,245283.45,0.926409,0.131924,316,272592.09,0.930809,0.126303,347,299141.09,0.934939,0.120842,379,326504.38,0.937589,0.117543,411,353825.06,0.939939,0.114687,442,380233.66,0.942729,0.111354,474,407563.19,0.944939,0.108737,505,433931.47,0.947459,0.105373,537,461214.81,0.949489,0.102024,569,488441.03,0.950969,0.099939,600,514762.94,0.952689,0.097995,632,542025.50,0.971839,0.067946,1264,1073748.12,"{""mean"":790.576,""geometric_mean"":709.496,""stdev"":351.389,""cv"":0.444472,""min"":10,""max"":6970}","{""silhouette"":0.076036,""recall_tol"":0.005000,""sampling_fraction"":1.000000,""iters"":25,""sample_queries"":false,""early_termination"":false,""n_threads"":64,""calinski_harabasz"":533.998295,""unrotate_centroids"":true,""verbose"":false,""seed"":42,""use_blas_only"":false,""tol"":0.000100,""ann_explore_fraction"":0.010000,""objective_k"":100}"
2026-07-30 15:20:25,superkmeans,cohere,25,25,1024,10000000,12649,361313.87,48,5082167.000000,0.761501,0.327651,12,10903.29,0.814501,0.286498,25,22327.68,0.839501,0.265293,37,32810.48,0.856801,0.251391,50,44109.57,0.872101,0.236574,63,55393.44,0.882101,0.225257,75,65821.93,0.889801,0.218640,88,77069.55,0.896801,0.212120,101,88227.20,0.901601,0.208280,113,98569.34,0.904900,0.203931,126,109731.30,0.914601,0.189692,158,137365.53,0.920401,0.182640,189,163989.36,0.925601,0.176340,221,191376.44,0.928701,0.173078,252,217923.61,0.934001,0.164167,284,245283.45,0.937001,0.160614,316,272592.09,0.941800,0.153611,347,299141.09,0.945701,0.145955,379,326504.38,0.948601,0.140419,411,353825.06,0.950101,0.138199,442,380233.66,0.951801,0.135333,474,407563.19,0.953901,0.130927,505,433931.47,0.956500,0.125752,537,461214.81,0.957600,0.124006,569,488441.03,0.958700,0.122880,600,514762.94,0.959800,0.120825,632,542025.50,0.974001,0.092805,1264,1073748.12,0.718680,0.280572,12,10903.29,0.782010,0.250956,25,22327.68,0.809020,0.232725,37,32810.48,0.832219,0.217811,50,44109.57,0.847999,0.205724,63,55393.44,0.858619,0.198562,75,65821.93,0.867059,0.192811,88,77069.55,0.874809,0.186292,101,88227.20,0.880729,0.181070,113,98569.34,0.885969,0.176243,126,109731.30,0.897639,0.162818,158,137365.53,0.905799,0.154697,189,163989.36,0.911629,0.148611,221,191376.44,0.916919,0.143295,252,217923.61,0.922259,0.136650,284,245283.45,0.926409,0.131924,316,272592.09,0.930809,0.126303,347,299141.09,0.934939,0.120842,379,326504.38,0.937589,0.117543,411,353825.06,0.939939,0.114687,442,380233.66,0.942729,0.111354,474,407563.19,0.944939,0.108737,505,433931.47,0.947459,0.105373,537,461214.81,0.949489,0.102024,569,488441.03,0.950969,0.099939,600,514762.94,0.952689,0.097995,632,542025.50,0.971839,0.067946,1264,1073748.12,"{""mean"":790.576,""geometric_mean"":709.496,""stdev"":351.389,""cv"":0.444472,""min"":10,""max"":6970}","{""silhouette"":0.076036,""recall_tol"":0.005000,""sampling_fraction"":1.000000,""iters"":25,""sample_queries"":false,""early_termination"":false,""n_threads"":48,""calinski_harabasz"":533.998295,""unrotate_centroids"":true,""verbose"":false,""seed"":42,""use_blas_only"":false,""tol"":0.000100,""ann_explore_fraction"":0.010000,""objective_k"":100}"
2026-07-30 15:30:21,superkmeans,cohere,25,25,1024,10000000,12649,459519.80,32,5082167.000000,0.761501,0.327651,12,10903.29,0.814501,0.286498,25,22327.68,0.839501,0.265293,37,32810.48,0.856801,0.251391,50,44109.57,0.872101,0.236574,63,55393.44,0.882101,0.225257,75,65821.93,0.889801,0.218640,88,77069.55,0.896801,0.212120,101,88227.20,0.901601,0.208280,113,98569.34,0.904900,0.203931,126,109731.30,0.914601,0.189692,158,137365.53,0.920401,0.182640,189,163989.36,0.925601,0.176340,221,191376.44,0.928701,0.173078,252,217923.61,0.934001,0.164167,284,245283.45,0.937001,0.160614,316,272592.09,0.941800,0.153611,347,299141.09,0.945701,0.145955,379,326504.38,0.948601,0.140419,411,353825.06,0.950101,0.138199,442,380233.66,0.951801,0.135333,474,407563.19,0.953901,0.130927,505,433931.47,0.956500,0.125752,537,461214.81,0.957600,0.124006,569,488441.03,0.958700,0.122880,600,514762.94,0.959800,0.120825,632,542025.50,0.974001,0.092805,1264,1073748.12,0.718680,0.280572,12,10903.29,0.782010,0.250956,25,22327.68,0.809020,0.232725,37,32810.48,0.832219,0.217811,50,44109.57,0.847999,0.205724,63,55393.44,0.858619,0.198562,75,65821.93,0.867059,0.192811,88,77069.55,0.874809,0.186292,101,88227.20,0.880729,0.181070,113,98569.34,0.885969,0.176243,126,109731.30,0.897639,0.162818,158,137365.53,0.905799,0.154697,189,163989.36,0.911629,0.148611,221,191376.44,0.916919,0.143295,252,217923.61,0.922259,0.136650,284,245283.45,0.926409,0.131924,316,272592.09,0.930809,0.126303,347,299141.09,0.934939,0.120842,379,326504.38,0.937589,0.117543,411,353825.06,0.939939,0.114687,442,380233.66,0.942729,0.111354,474,407563.19,0.944939,0.108737,505,433931.47,0.947459,0.105373,537,461214.81,0.949489,0.102024,569,488441.03,0.950969,0.099939,600,514762.94,0.952689,0.097995,632,542025.50,0.971839,0.067946,1264,1073748.12,"{""mean"":790.576,""geometric_mean"":709.496,""stdev"":351.389,""cv"":0.444472,""min"":10,""max"":6970}","{""silhouette"":0.076036,""recall_tol"":0.005000,""sampling_fraction"":1.000000,""iters"":25,""sample_queries"":false,""early_termination"":false,""n_threads"":32,""calinski_harabasz"":533.998295,""unrotate_centroids"":true,""verbose"":false,""seed"":42,""use_blas_only"":false,""tol"":0.000100,""ann_explore_fraction"":0.010000,""objective_k"":100}"
2026-07-30 15:41:24,superkmeans,cohere,25,25,1024,10000000,12649,516914.84,24,5082167.000000,0.761501,0.327651,12,10903.29,0.814501,0.286498,25,22327.68,0.839501,0.265293,37,32810.48,0.856801,0.251391,50,44109.57,0.872101,0.236574,63,55393.44,0.882101,0.225257,75,65821.93,0.889801,0.218640,88,77069.55,0.896801,0.212120,101,88227.20,0.901601,0.208280,113,98569.34,0.904900,0.203931,126,109731.30,0.914601,0.189692,158,137365.53,0.920401,0.182640,189,163989.36,0.925601,0.176340,221,191376.44,0.928701,0.173078,252,217923.61,0.934001,0.164167,284,245283.45,0.937001,0.160614,316,272592.09,0.941800,0.153611,347,299141.09,0.945701,0.145955,379,326504.38,0.948601,0.140419,411,353825.06,0.950101,0.138199,442,380233.66,0.951801,0.135333,474,407563.19,0.953901,0.130927,505,433931.47,0.956500,0.125752,537,461214.81,0.957600,0.124006,569,488441.03,0.958700,0.122880,600,514762.94,0.959800,0.120825,632,542025.50,0.974001,0.092805,1264,1073748.12,0.718680,0.280572,12,10903.29,0.782010,0.250956,25,22327.68,0.809020,0.232725,37,32810.48,0.832219,0.217811,50,44109.57,0.847999,0.205724,63,55393.44,0.858619,0.198562,75,65821.93,0.867059,0.192811,88,77069.55,0.874809,0.186292,101,88227.20,0.880729,0.181070,113,98569.34,0.885969,0.176243,126,109731.30,0.897639,0.162818,158,137365.53,0.905799,0.154697,189,163989.36,0.911629,0.148611,221,191376.44,0.916919,0.143295,252,217923.61,0.922259,0.136650,284,245283.45,0.926409,0.131924,316,272592.09,0.930809,0.126303,347,299141.09,0.934939,0.120842,379,326504.38,0.937589,0.117543,411,353825.06,0.939939,0.114687,442,380233.66,0.942729,0.111354,474,407563.19,0.944939,0.108737,505,433931.47,0.947459,0.105373,537,461214.81,0.949489,0.102024,569,488441.03,0.950969,0.099939,600,514762.94,0.952689,0.097995,632,542025.50,0.971839,0.067946,1264,1073748.12,"{""mean"":790.576,""geometric_mean"":709.496,""stdev"":351.389,""cv"":0.444472,""min"":10,""max"":6970}","{""silhouette"":0.076036,""recall_tol"":0.005000,""sampling_fraction"":1.000000,""iters"":25,""sample_queries"":false,""early_termination"":false,""n_threads"":24,""calinski_harabasz"":533.998295,""unrotate_centroids"":true,""verbose"":false,""seed"":42,""use_blas_only"":false,""tol"":0.000100,""ann_explore_fraction"":0.010000,""objective_k"":100}"
2026-07-30 15:54:53,superkmeans,cohere,25,25,1024,10000000,12649,631973.58,16,5082167.000000,0.761501,0.327651,12,10903.29,0.814501,0.286498,25,22327.68,0.839501,0.265293,37,32810.48,0.856801,0.251391,50,44109.57,0.872101,0.236574,63,55393.44,0.882101,0.225257,75,65821.93,0.889801,0.218640,88,77069.55,0.896801,0.212120,101,88227.20,0.901601,0.208280,113,98569.34,0.904900,0.203931,126,109731.30,0.914601,0.189692,158,137365.53,0.920401,0.182640,189,163989.36,0.925601,0.176340,221,191376.44,0.928701,0.173078,252,217923.61,0.934001,0.164167,284,245283.45,0.937001,0.160614,316,272592.09,0.941800,0.153611,347,299141.09,0.945701,0.145955,379,326504.38,0.948601,0.140419,411,353825.06,0.950101,0.138199,442,380233.66,0.951801,0.135333,474,407563.19,0.953901,0.130927,505,433931.47,0.956500,0.125752,537,461214.81,0.957600,0.124006,569,488441.03,0.958700,0.122880,600,514762.94,0.959800,0.120825,632,542025.50,0.974001,0.092805,1264,1073748.12,0.718680,0.280572,12,10903.29,0.782010,0.250956,25,22327.68,0.809020,0.232725,37,32810.48,0.832219,0.217811,50,44109.57,0.847999,0.205724,63,55393.44,0.858619,0.198562,75,65821.93,0.867059,0.192811,88,77069.55,0.874809,0.186292,101,88227.20,0.880729,0.181070,113,98569.34,0.885969,0.176243,126,109731.30,0.897639,0.162818,158,137365.53,0.905799,0.154697,189,163989.36,0.911629,0.148611,221,191376.44,0.916919,0.143295,252,217923.61,0.922259,0.136650,284,245283.45,0.926409,0.131924,316,272592.09,0.930809,0.126303,347,299141.09,0.934939,0.120842,379,326504.38,0.937589,0.117543,411,353825.06,0.939939,0.114687,442,380233.66,0.942729,0.111354,474,407563.19,0.944939,0.108737,505,433931.47,0.947459,0.105373,537,461214.81,0.949489,0.102024,569,488441.03,0.950969,0.099939,600,514762.94,0.952689,0.097995,632,542025.50,0.971839,0.067946,1264,1073748.12,"{""mean"":790.576,""geometric_mean"":709.496,""stdev"":351.389,""cv"":0.444472,""min"":10,""max"":6970}","{""silhouette"":0.076036,""recall_tol"":0.005000,""sampling_fraction"":1.000000,""iters"":25,""sample_queries"":false,""early_termination"":false,""n_threads"":16,""calinski_harabasz"":533.998295,""unrotate_centroids"":true,""verbose"":false,""seed"":42,""use_blas_only"":false,""tol"":0.000100,""ann_explore_fraction"":0.010000,""objective_k"":100}"
2026-07-30 16:15:16,superkmeans,cohere,25,25,1024,10000000,12649,947583.08,8,5082167.000000,0.761501,0.327651,12,10903.29,0.814501,0.286498,25,22327.68,0.839501,0.265293,37,32810.48,0.856801,0.251391,50,44109.57,0.872101,0.236574,63,55393.44,0.882101,0.225257,75,65821.93,0.889801,0.218640,88,77069.55,0.896801,0.212120,101,88227.20,0.901601,0.208280,113,98569.34,0.904900,0.203931,126,109731.30,0.914601,0.189692,158,137365.53,0.920401,0.182640,189,163989.36,0.925601,0.176340,221,191376.44,0.928701,0.173078,252,217923.61,0.934001,0.164167,284,245283.45,0.937001,0.160614,316,272592.09,0.941800,0.153611,347,299141.09,0.945701,0.145955,379,326504.38,0.948601,0.140419,411,353825.06,0.950101,0.138199,442,380233.66,0.951801,0.135333,474,407563.19,0.953901,0.130927,505,433931.47,0.956500,0.125752,537,461214.81,0.957600,0.124006,569,488441.03,0.958700,0.122880,600,514762.94,0.959800,0.120825,632,542025.50,0.974001,0.092805,1264,1073748.12,0.718680,0.280572,12,10903.29,0.782010,0.250956,25,22327.68,0.809020,0.232725,37,32810.48,0.832219,0.217811,50,44109.57,0.847999,0.205724,63,55393.44,0.858619,0.198562,75,65821.93,0.867059,0.192811,88,77069.55,0.874809,0.186292,101,88227.20,0.880729,0.181070,113,98569.34,0.885969,0.176243,126,109731.30,0.897639,0.162818,158,137365.53,0.905799,0.154697,189,163989.36,0.911629,0.148611,221,191376.44,0.916919,0.143295,252,217923.61,0.922259,0.136650,284,245283.45,0.926409,0.131924,316,272592.09,0.930809,0.126303,347,299141.09,0.934939,0.120842,379,326504.38,0.937589,0.117543,411,353825.06,0.939939,0.114687,442,380233.66,0.942729,0.111354,474,407563.19,0.944939,0.108737,505,433931.47,0.947459,0.105373,537,461214.81,0.949489,0.102024,569,488441.03,0.950969,0.099939,600,514762.94,0.952689,0.097995,632,542025.50,0.971839,0.067946,1264,1073748.12,"{""mean"":790.576,""geometric_mean"":709.496,""stdev"":351.389,""cv"":0.444472,""min"":10,""max"":6970}","{""silhouette"":0.076036,""recall_tol"":0.005000,""sampling_fraction"":1.000000,""iters"":25,""sample_queries"":false,""early_termination"":false,""n_threads"":8,""calinski_harabasz"":533.998295,""unrotate_centroids"":true,""verbose"":false,""seed"":42,""use_blas_only"":false,""tol"":0.000100,""ann_explore_fraction"":0.010000,""objective_k"":100}"
2026-07-30 16:53:38,superkmeans,cohere,25,25,1024,10000000,12649,1824844.59,4,5082167.000000,0.761501,0.327651,12,10903.29,0.814501,0.286498,25,22327.68,0.839501,0.265293,37,32810.48,0.856801,0.251391,50,44109.57,0.872101,0.236574,63,55393.44,0.882101,0.225257,75,65821.93,0.889801,0.218640,88,77069.55,0.896801,0.212120,101,88227.20,0.901601,0.208280,113,98569.34,0.904900,0.203931,126,109731.30,0.914601,0.189692,158,137365.53,0.920401,0.182640,189,163989.36,0.925601,0.176340,221,191376.44,0.928701,0.173078,252,217923.61,0.934001,0.164167,284,245283.45,0.937001,0.160614,316,272592.09,0.941800,0.153611,347,299141.09,0.945701,0.145955,379,326504.38,0.948601,0.140419,411,353825.06,0.950101,0.138199,442,380233.66,0.951801,0.135333,474,407563.19,0.953901,0.130927,505,433931.47,0.956500,0.125752,537,461214.81,0.957600,0.124006,569,488441.03,0.958700,0.122880,600,514762.94,0.959800,0.120825,632,542025.50,0.974001,0.092805,1264,1073748.12,0.718680,0.280572,12,10903.29,0.782010,0.250956,25,22327.68,0.809020,0.232725,37,32810.48,0.832219,0.217811,50,44109.57,0.847999,0.205724,63,55393.44,0.858619,0.198562,75,65821.93,0.867059,0.192811,88,77069.55,0.874809,0.186292,101,88227.20,0.880729,0.181070,113,98569.34,0.885969,0.176243,126,109731.30,0.897639,0.162818,158,137365.53,0.905799,0.154697,189,163989.36,0.911629,0.148611,221,191376.44,0.916919,0.143295,252,217923.61,0.922259,0.136650,284,245283.45,0.926409,0.131924,316,272592.09,0.930809,0.126303,347,299141.09,0.934939,0.120842,379,326504.38,0.937589,0.117543,411,353825.06,0.939939,0.114687,442,380233.66,0.942729,0.111354,474,407563.19,0.944939,0.108737,505,433931.47,0.947459,0.105373,537,461214.81,0.949489,0.102024,569,488441.03,0.950969,0.099939,600,514762.94,0.952689,0.097995,632,542025.50,0.971839,0.067946,1264,1073748.12,"{""mean"":790.576,""geometric_mean"":709.496,""stdev"":351.389,""cv"":0.444472,""min"":10,""max"":6970}","{""silhouette"":0.076036,""recall_tol"":0.005000,""sampling_fraction"":1.000000,""iters"":25,""sample_queries"":false,""early_termination"":false,""n_threads"":4,""calinski_harabasz"":533.998295,""unrotate_centroids"":true,""verbose"":false,""seed"":42,""use_blas_only"":false,""tol"":0.000100,""ann_explore_fraction"":0.010000,""objective_k"":100}"
2026-07-30 18:05:06,superkmeans,cohere,25,25,1024,10000000,12649,3402799.36,2,5082167.000000,0.761501,0.327651,12,10903.29,0.814501,0.286498,25,22327.68,0.839501,0.265293,37,32810.48,0.856801,0.251391,50,44109.57,0.872101,0.236574,63,55393.44,0.882101,0.225257,75,65821.93,0.889801,0.218640,88,77069.55,0.896801,0.212120,101,88227.20,0.901601,0.208280,113,98569.34,0.904900,0.203931,126,109731.30,0.914601,0.189692,158,137365.53,0.920401,0.182640,189,163989.36,0.925601,0.176340,221,191376.44,0.928701,0.173078,252,217923.61,0.934001,0.164167,284,245283.45,0.937001,0.160614,316,272592.09,0.941800,0.153611,347,299141.09,0.945701,0.145955,379,326504.38,0.948601,0.140419,411,353825.06,0.950101,0.138199,442,380233.66,0.951801,0.135333,474,407563.19,0.953901,0.130927,505,433931.47,0.956500,0.125752,537,461214.81,0.957600,0.124006,569,488441.03,0.958700,0.122880,600,514762.94,0.959800,0.120825,632,542025.50,0.974001,0.092805,1264,1073748.12,0.718680,0.280572,12,10903.29,0.782010,0.250956,25,22327.68,0.809020,0.232725,37,32810.48,0.832219,0.217811,50,44109.57,0.847999,0.205724,63,55393.44,0.858619,0.198562,75,65821.93,0.867059,0.192811,88,77069.55,0.874809,0.186292,101,88227.20,0.880729,0.181070,113,98569.34,0.885969,0.176243,126,109731.30,0.897639,0.162818,158,137365.53,0.905799,0.154697,189,163989.36,0.911629,0.148611,221,191376.44,0.916919,0.143295,252,217923.61,0.922259,0.136650,284,245283.45,0.926409,0.131924,316,272592.09,0.930809,0.126303,347,299141.09,0.934939,0.120842,379,326504.38,0.937589,0.117543,411,353825.06,0.939939,0.114687,442,380233.66,0.942729,0.111354,474,407563.19,0.944939,0.108737,505,433931.47,0.947459,0.105373,537,461214.81,0.949489,0.102024,569,488441.03,0.950969,0.099939,600,514762.94,0.952689,0.097995,632,542025.50,0.971839,0.067946,1264,1073748.12,"{""mean"":790.576,""geometric_mean"":709.496,""stdev"":351.389,""cv"":0.444472,""min"":10,""max"":6970}","{""silhouette"":0.076036,""recall_tol"":0.005000,""sampling_fraction"":1.000000,""iters"":25,""sample_queries"":false,""early_termination"":false,""n_threads"":2,""calinski_harabasz"":533.998295,""unrotate_centroids"":true,""verbose"":false,""seed"":42,""use_blas_only"":false,""tol"":0.000100,""ann_explore_fraction"":0.010000,""objective_k"":100}"
2026-07-30 20:23:07,superkmeans,cohere,25,25,1024,10000000,12649,6557791.64,1,5082167.000000,0.761501,0.327651,12,10903.29,0.814501,0.286498,25,22327.68,0.839501,0.265293,37,32810.48,0.856801,0.251391,50,44109.57,0.872101,0.236574,63,55393.44,0.882101,0.225257,75,65821.93,0.889801,0.218640,88,77069.55,0.896801,0.212120,101,88227.20,0.901601,0.208280,113,98569.34,0.904900,0.203931,126,109731.30,0.914601,0.189692,158,137365.53,0.920401,0.182640,189,163989.36,0.925601,0.176340,221,191376.44,0.928701,0.173078,252,217923.61,0.934001,0.164167,284,245283.45,0.937001,0.160614,316,272592.09,0.941800,0.153611,347,299141.09,0.945701,0.145955,379,326504.38,0.948601,0.140419,411,353825.06,0.950101,0.138199,442,380233.66,0.951801,0.135333,474,407563.19,0.953901,0.130927,505,433931.47,0.956500,0.125752,537,461214.81,0.957600,0.124006,569,488441.03,0.958700,0.122880,600,514762.94,0.959800,0.120825,632,542025.50,0.974001,0.092805,1264,1073748.12,0.718680,0.280572,12,10903.29,0.782010,0.250956,25,22327.68,0.809020,0.232725,37,32810.48,0.832219,0.217811,50,44109.57,0.847999,0.205724,63,55393.44,0.858619,0.198562,75,65821.93,0.867059,0.192811,88,77069.55,0.874809,0.186292,101,88227.20,0.880729,0.181070,113,98569.34,0.885969,0.176243,126,109731.30,0.897639,0.162818,158,137365.53,0.905799,0.154697,189,163989.36,0.911629,0.148611,221,191376.44,0.916919,0.143295,252,217923.61,0.922259,0.136650,284,245283.45,0.926409,0.131924,316,272592.09,0.930809,0.126303,347,299141.09,0.934939,0.120842,379,326504.38,0.937589,0.117543,411,353825.06,0.939939,0.114687,442,380233.66,0.942729,0.111354,474,407563.19,0.944939,0.108737,505,433931.47,0.947459,0.105373,537,461214.81,0.949489,0.102024,569,488441.03,0.950969,0.099939,600,514762.94,0.952689,0.097995,632,542025.50,0.971839,0.067946,1264,1073748.12,"{""mean"":790.576,""geometric_mean"":709.496,""stdev"":351.389,""cv"":0.444472,""min"":10,""max"":6970}","{""silhouette"":0.076036,""recall_tol"":0.005000,""sampling_fraction"":1.000000,""iters"":25,""sample_queries"":false,""early_termination"":false,""n_threads"":1,""calinski_harabasz"":533.998295,""unrotate_centroids"":true,""verbose"":false,""seed"":42,""use_blas_only"":false,""tol"":0.000100,""ann_explore_fraction"":0.010000,""objective_k"":100}"
2026-07-30 20:52:52,faiss,cohere,25,25,1024,10000000,12649,1440140.04,96,5064683.000000,0.769500,0.321751,12,10963.04,0.819600,0.285337,25,22493.73,0.844100,0.266000,37,33089.96,0.861101,0.250600,50,44498.22,0.873701,0.238108,63,55936.60,0.880701,0.231065,75,66425.15,0.888401,0.223955,88,77743.96,0.896801,0.213156,101,89048.27,0.901201,0.208332,113,99513.89,0.906000,0.202743,126,110833.57,0.915201,0.194594,158,138586.03,0.924601,0.179408,189,165496.80,0.928301,0.174698,221,193282.36,0.934001,0.166409,252,220121.62,0.937801,0.162719,284,247788.75,0.941001,0.158253,316,275466.59,0.944601,0.152493,347,302208.19,0.947500,0.147836,379,329828.19,0.949901,0.143460,411,357382.06,0.951101,0.140708,442,384000.38,0.952401,0.138541,474,411525.34,0.954901,0.132263,505,438124.22,0.957401,0.126021,537,465537.50,0.959101,0.123501,569,492979.94,0.960001,0.122045,600,519558.50,0.960801,0.121235,632,546916.31,0.977101,0.089071,1264,1082633.88,0.723500,0.277503,12,10963.04,0.785950,0.247288,25,22493.73,0.814609,0.229539,37,33089.96,0.834319,0.217013,50,44498.22,0.848989,0.206486,63,55936.60,0.857790,0.199604,75,66425.15,0.866299,0.193322,88,77743.96,0.875700,0.183152,101,89048.27,0.881679,0.178355,113,99513.89,0.887339,0.172590,126,110833.57,0.898639,0.162856,158,138586.03,0.907009,0.154300,189,165496.80,0.914469,0.145512,221,193282.36,0.920369,0.138400,252,220121.62,0.924939,0.134303,284,247788.75,0.929609,0.129187,316,275466.59,0.933689,0.123749,347,302208.19,0.936939,0.119541,379,329828.19,0.939929,0.116117,411,357382.06,0.942528,0.113341,442,384000.38,0.944808,0.109981,474,411525.34,0.947328,0.105946,505,438124.22,0.949639,0.102666,537,465537.50,0.951409,0.100002,569,492979.94,0.952589,0.098944,600,519558.50,0.953669,0.097078,632,546916.31,0.973169,0.067261,1264,1082633.88,,"{""calinski_harabasz"":534.439423,""silhouette"":0.076243,""verbose"":false,""update_index"":false,""int_centroids"":false,""seed"":1234,""frozen_centroids"":false,""spherical"":false,""min_points_per_centroid"":39,""nredo"":1,""max_points_per_centroid"":999999,""niter"":25}"
2026-07-30 21:23:14,faiss,cohere,25,25,1024,10000000,12649,1669419.04,64,5064683.000000,0.769500,0.321751,12,10963.04,0.819600,0.285337,25,22493.73,0.844100,0.266000,37,33089.96,0.861101,0.250600,50,44498.22,0.873701,0.238108,63,55936.60,0.880701,0.231065,75,66425.15,0.888401,0.223955,88,77743.96,0.896801,0.213156,101,89048.27,0.901201,0.208332,113,99513.89,0.906000,0.202743,126,110833.57,0.915201,0.194594,158,138586.03,0.924601,0.179408,189,165496.80,0.928301,0.174698,221,193282.36,0.934001,0.166409,252,220121.62,0.937801,0.162719,284,247788.75,0.941001,0.158253,316,275466.59,0.944601,0.152493,347,302208.19,0.947500,0.147836,379,329828.19,0.949901,0.143460,411,357382.06,0.951101,0.140708,442,384000.38,0.952401,0.138541,474,411525.34,0.954901,0.132263,505,438124.22,0.957401,0.126021,537,465537.50,0.959101,0.123501,569,492979.94,0.960001,0.122045,600,519558.50,0.960801,0.121235,632,546916.31,0.977101,0.089071,1264,1082633.88,0.723500,0.277503,12,10963.04,0.785950,0.247288,25,22493.73,0.814609,0.229539,37,33089.96,0.834319,0.217013,50,44498.22,0.848989,0.206486,63,55936.60,0.857790,0.199604,75,66425.15,0.866299,0.193322,88,77743.96,0.875700,0.183152,101,89048.27,0.881679,0.178355,113,99513.89,0.887339,0.172590,126,110833.57,0.898639,0.162856,158,138586.03,0.907009,0.154300,189,165496.80,0.914469,0.145512,221,193282.36,0.920369,0.138400,252,220121.62,0.924939,0.134303,284,247788.75,0.929609,0.129187,316,275466.59,0.933689,0.123749,347,302208.19,0.936939,0.119541,379,329828.19,0.939929,0.116117,411,357382.06,0.942528,0.113341,442,384000.38,0.944808,0.109981,474,411525.34,0.947328,0.105946,505,438124.22,0.949639,0.102666,537,465537.50,0.951409,0.100002,569,492979.94,0.952589,0.098944,600,519558.50,0.953669,0.097078,632,546916.31,0.973169,0.067261,1264,1082633.88,,"{""calinski_harabasz"":534.439423,""silhouette"":0.076243,""verbose"":false,""update_index"":false,""int_centroids"":false,""seed"":1234,""frozen_centroids"":false,""spherical"":false,""min_points_per_centroid"":39,""nredo"":1,""max_points_per_centroid"":999999,""niter"":25}"
2026-07-30 21:46:33,faiss,cohere,25,25,1024,10000000,12649,1266317.76,48,5064683.000000,0.769500,0.321751,12,10963.04,0.819600,0.285337,25,22493.73,0.844100,0.266000,37,33089.96,0.861101,0.250600,50,44498.22,0.873701,0.238108,63,55936.60,0.880701,0.231065,75,66425.15,0.888401,0.223955,88,77743.96,0.896801,0.213156,101,89048.27,0.901201,0.208332,113,99513.89,0.906000,0.202743,126,110833.57,0.915201,0.194594,158,138586.03,0.924601,0.179408,189,165496.80,0.928301,0.174698,221,193282.36,0.934001,0.166409,252,220121.62,0.937801,0.162719,284,247788.75,0.941001,0.158253,316,275466.59,0.944601,0.152493,347,302208.19,0.947500,0.147836,379,329828.19,0.949901,0.143460,411,357382.06,0.951101,0.140708,442,384000.38,0.952401,0.138541,474,411525.34,0.954901,0.132263,505,438124.22,0.957401,0.126021,537,465537.50,0.959101,0.123501,569,492979.94,0.960001,0.122045,600,519558.50,0.960801,0.121235,632,546916.31,0.977101,0.089071,1264,1082633.88,0.723500,0.277503,12,10963.04,0.785950,0.247288,25,22493.73,0.814609,0.229539,37,33089.96,0.834319,0.217013,50,44498.22,0.848989,0.206486,63,55936.60,0.857790,0.199604,75,66425.15,0.866299,0.193322,88,77743.96,0.875700,0.183152,101,89048.27,0.881679,0.178355,113,99513.89,0.887339,0.172590,126,110833.57,0.898639,0.162856,158,138586.03,0.907009,0.154300,189,165496.80,0.914469,0.145512,221,193282.36,0.920369,0.138400,252,220121.62,0.924939,0.134303,284,247788.75,0.929609,0.129187,316,275466.59,0.933689,0.123749,347,302208.19,0.936939,0.119541,379,329828.19,0.939929,0.116117,411,357382.06,0.942528,0.113341,442,384000.38,0.944808,0.109981,474,411525.34,0.947328,0.105946,505,438124.22,0.949639,0.102666,537,465537.50,0.951409,0.100002,569,492979.94,0.952589,0.098944,600,519558.50,0.953669,0.097078,632,546916.31,0.973169,0.067261,1264,1082633.88,,"{""calinski_harabasz"":534.439423,""silhouette"":0.076243,""verbose"":false,""update_index"":false,""int_centroids"":false,""seed"":1234,""frozen_centroids"":false,""spherical"":false,""min_points_per_centroid"":39,""nredo"":1,""max_points_per_centroid"":999999,""niter"":25}"
2026-07-30 22:14:45,faiss,cohere,25,25,1024,10000000,12649,1530690.03,32,5064683.000000,0.769500,0.321751,12,10963.04,0.819600,0.285337,25,22493.73,0.844100,0.266000,37,33089.96,0.861101,0.250600,50,44498.22,0.873701,0.238108,63,55936.60,0.880701,0.231065,75,66425.15,0.888401,0.223955,88,77743.96,0.896801,0.213156,101,89048.27,0.901201,0.208332,113,99513.89,0.906000,0.202743,126,110833.57,0.915201,0.194594,158,138586.03,0.924601,0.179408,189,165496.80,0.928301,0.174698,221,193282.36,0.934001,0.166409,252,220121.62,0.937801,0.162719,284,247788.75,0.941001,0.158253,316,275466.59,0.944601,0.152493,347,302208.19,0.947500,0.147836,379,329828.19,0.949901,0.143460,411,357382.06,0.951101,0.140708,442,384000.38,0.952401,0.138541,474,411525.34,0.954901,0.132263,505,438124.22,0.957401,0.126021,537,465537.50,0.959101,0.123501,569,492979.94,0.960001,0.122045,600,519558.50,0.960801,0.121235,632,546916.31,0.977101,0.089071,1264,1082633.88,0.723500,0.277503,12,10963.04,0.785950,0.247288,25,22493.73,0.814609,0.229539,37,33089.96,0.834319,0.217013,50,44498.22,0.848989,0.206486,63,55936.60,0.857790,0.199604,75,66425.15,0.866299,0.193322,88,77743.96,0.875700,0.183152,101,89048.27,0.881679,0.178355,113,99513.89,0.887339,0.172590,126,110833.57,0.898639,0.162856,158,138586.03,0.907009,0.154300,189,165496.80,0.914469,0.145512,221,193282.36,0.920369,0.138400,252,220121.62,0.924939,0.134303,284,247788.75,0.929609,0.129187,316,275466.59,0.933689,0.123749,347,302208.19,0.936939,0.119541,379,329828.19,0.939929,0.116117,411,357382.06,0.942528,0.113341,442,384000.38,0.944808,0.109981,474,411525.34,0.947328,0.105946,505,438124.22,0.949639,0.102666,537,465537.50,0.951409,0.100002,569,492979.94,0.952589,0.098944,600,519558.50,0.953669,0.097078,632,546916.31,0.973169,0.067261,1264,1082633.88,,"{""calinski_harabasz"":534.439423,""silhouette"":0.076243,""verbose"":false,""update_index"":false,""int_centroids"":false,""seed"":1234,""frozen_centroids"":false,""spherical"":false,""min_points_per_centroid"":39,""nredo"":1,""max_points_per_centroid"":999999,""niter"":25}"
2026-07-30 22:50:04,faiss,cohere,25,25,1024,10000000,12649,1929560.84,24,5064683.000000,0.769500,0.321751,12,10963.04,0.819600,0.285337,25,22493.73,0.844100,0.266000,37,33089.96,0.861101,0.250600,50,44498.22,0.873701,0.238108,63,55936.60,0.880701,0.231065,75,66425.15,0.888401,0.223955,88,77743.96,0.896801,0.213156,101,89048.27,0.901201,0.208332,113,99513.89,0.906000,0.202743,126,110833.57,0.915201,0.194594,158,138586.03,0.924601,0.179408,189,165496.80,0.928301,0.174698,221,193282.36,0.934001,0.166409,252,220121.62,0.937801,0.162719,284,247788.75,0.941001,0.158253,316,275466.59,0.944601,0.152493,347,302208.19,0.947500,0.147836,379,329828.19,0.949901,0.143460,411,357382.06,0.951101,0.140708,442,384000.38,0.952401,0.138541,474,411525.34,0.954901,0.132263,505,438124.22,0.957401,0.126021,537,465537.50,0.959101,0.123501,569,492979.94,0.960001,0.122045,600,519558.50,0.960801,0.121235,632,546916.31,0.977101,0.089071,1264,1082633.88,0.723500,0.277503,12,10963.04,0.785950,0.247288,25,22493.73,0.814609,0.229539,37,33089.96,0.834319,0.217013,50,44498.22,0.848989,0.206486,63,55936.60,0.857790,0.199604,75,66425.15,0.866299,0.193322,88,77743.96,0.875700,0.183152,101,89048.27,0.881679,0.178355,113,99513.89,0.887339,0.172590,126,110833.57,0.898639,0.162856,158,138586.03,0.907009,0.154300,189,165496.80,0.914469,0.145512,221,193282.36,0.920369,0.138400,252,220121.62,0.924939,0.134303,284,247788.75,0.929609,0.129187,316,275466.59,0.933689,0.123749,347,302208.19,0.936939,0.119541,379,329828.19,0.939929,0.116117,411,357382.06,0.942528,0.113341,442,384000.38,0.944808,0.109981,474,411525.34,0.947328,0.105946,505,438124.22,0.949639,0.102666,537,465537.50,0.951409,0.100002,569,492979.94,0.952589,0.098944,600,519558.50,0.953669,0.097078,632,546916.31,0.973169,0.067261,1264,1082633.88,,"{""calinski_harabasz"":534.439423,""silhouette"":0.076243,""verbose"":false,""update_index"":false,""int_centroids"":false,""seed"":1234,""frozen_centroids"":false,""spherical"":false,""min_points_per_centroid"":39,""nredo"":1,""max_points_per_centroid"":999999,""niter"":25}"
2026-07-30 23:33:12,faiss,cohere,25,25,1024,10000000,12649,2352724.88,16,5064683.000000,0.769500,0.321751,12,10963.04,0.819600,0.285337,25,22493.73,0.844100,0.266000,37,33089.96,0.861101,0.250600,50,44498.22,0.873701,0.238108,63,55936.60,0.880701,0.231065,75,66425.15,0.888401,0.223955,88,77743.96,0.896801,0.213156,101,89048.27,0.901201,0.208332,113,99513.89,0.906000,0.202743,126,110833.57,0.915201,0.194594,158,138586.03,0.924601,0.179408,189,165496.80,0.928301,0.174698,221,193282.36,0.934001,0.166409,252,220121.62,0.937801,0.162719,284,247788.75,0.941001,0.158253,316,275466.59,0.944601,0.152493,347,302208.19,0.947500,0.147836,379,329828.19,0.949901,0.143460,411,357382.06,0.951101,0.140708,442,384000.38,0.952401,0.138541,474,411525.34,0.954901,0.132263,505,438124.22,0.957401,0.126021,537,465537.50,0.959101,0.123501,569,492979.94,0.960001,0.122045,600,519558.50,0.960801,0.121235,632,546916.31,0.977101,0.089071,1264,1082633.88,0.723500,0.277503,12,10963.04,0.785950,0.247288,25,22493.73,0.814609,0.229539,37,33089.96,0.834319,0.217013,50,44498.22,0.848989,0.206486,63,55936.60,0.857790,0.199604,75,66425.15,0.866299,0.193322,88,77743.96,0.875700,0.183152,101,89048.27,0.881679,0.178355,113,99513.89,0.887339,0.172590,126,110833.57,0.898639,0.162856,158,138586.03,0.907009,0.154300,189,165496.80,0.914469,0.145512,221,193282.36,0.920369,0.138400,252,220121.62,0.924939,0.134303,284,247788.75,0.929609,0.129187,316,275466.59,0.933689,0.123749,347,302208.19,0.936939,0.119541,379,329828.19,0.939929,0.116117,411,357382.06,0.942528,0.113341,442,384000.38,0.944808,0.109981,474,411525.34,0.947328,0.105946,505,438124.22,0.949639,0.102666,537,465537.50,0.951409,0.100002,569,492979.94,0.952589,0.098944,600,519558.50,0.953669,0.097078,632,546916.31,0.973169,0.067261,1264,1082633.88,,"{""calinski_harabasz"":534.439423,""silhouette"":0.076243,""verbose"":false,""update_index"":false,""int_centroids"":false,""seed"":1234,""frozen_centroids"":false,""spherical"":false,""min_points_per_centroid"":39,""nredo"":1,""max_points_per_centroid"":999999,""niter"":25}"
2026-07-31 00:50:19,faiss,cohere,25,25,1024,10000000,12649,4233465.51,8,5064683.000000,0.769500,0.321751,12,10963.04,0.819600,0.285337,25,22493.73,0.844100,0.266000,37,33089.96,0.861101,0.250600,50,44498.22,0.873701,0.238108,63,55936.60,0.880701,0.231065,75,66425.15,0.888401,0.223955,88,77743.96,0.896801,0.213156,101,89048.27,0.901201,0.208332,113,99513.89,0.906000,0.202743,126,110833.57,0.915201,0.194594,158,138586.03,0.924601,0.179408,189,165496.80,0.928301,0.174698,221,193282.36,0.934001,0.166409,252,220121.62,0.937801,0.162719,284,247788.75,0.941001,0.158253,316,275466.59,0.944601,0.152493,347,302208.19,0.947500,0.147836,379,329828.19,0.949901,0.143460,411,357382.06,0.951101,0.140708,442,384000.38,0.952401,0.138541,474,411525.34,0.954901,0.132263,505,438124.22,0.957401,0.126021,537,465537.50,0.959101,0.123501,569,492979.94,0.960001,0.122045,600,519558.50,0.960801,0.121235,632,546916.31,0.977101,0.089071,1264,1082633.88,0.723500,0.277503,12,10963.04,0.785950,0.247288,25,22493.73,0.814609,0.229539,37,33089.96,0.834319,0.217013,50,44498.22,0.848989,0.206486,63,55936.60,0.857790,0.199604,75,66425.15,0.866299,0.193322,88,77743.96,0.875700,0.183152,101,89048.27,0.881679,0.178355,113,99513.89,0.887339,0.172590,126,110833.57,0.898639,0.162856,158,138586.03,0.907009,0.154300,189,165496.80,0.914469,0.145512,221,193282.36,0.920369,0.138400,252,220121.62,0.924939,0.134303,284,247788.75,0.929609,0.129187,316,275466.59,0.933689,0.123749,347,302208.19,0.936939,0.119541,379,329828.19,0.939929,0.116117,411,357382.06,0.942528,0.113341,442,384000.38,0.944808,0.109981,474,411525.34,0.947328,0.105946,505,438124.22,0.949639,0.102666,537,465537.50,0.951409,0.100002,569,492979.94,0.952589,0.098944,600,519558.50,0.953669,0.097078,632,546916.31,0.973169,0.067261,1264,1082633.88,,"{""calinski_harabasz"":534.439423,""silhouette"":0.076243,""verbose"":false,""update_index"":false,""int_centroids"":false,""seed"":1234,""frozen_centroids"":false,""spherical"":false,""min_points_per_centroid"":39,""nredo"":1,""max_points_per_centroid"":999999,""niter"":25}"
2026-07-31 03:18:09,faiss,cohere,25,25,1024,10000000,12649,8157508.31,4,5064683.000000,0.769500,0.321751,12,10963.04,0.819600,0.285337,25,22493.73,0.844100,0.266000,37,33089.96,0.861101,0.250600,50,44498.22,0.873701,0.238108,63,55936.60,0.880701,0.231065,75,66425.15,0.888401,0.223955,88,77743.96,0.896801,0.213156,101,89048.27,0.901201,0.208332,113,99513.89,0.906000,0.202743,126,110833.57,0.915201,0.194594,158,138586.03,0.924601,0.179408,189,165496.80,0.928301,0.174698,221,193282.36,0.934001,0.166409,252,220121.62,0.937801,0.162719,284,247788.75,0.941001,0.158253,316,275466.59,0.944601,0.152493,347,302208.19,0.947500,0.147836,379,329828.19,0.949901,0.143460,411,357382.06,0.951101,0.140708,442,384000.38,0.952401,0.138541,474,411525.34,0.954901,0.132263,505,438124.22,0.957401,0.126021,537,465537.50,0.959101,0.123501,569,492979.94,0.960001,0.122045,600,519558.50,0.960801,0.121235,632,546916.31,0.977101,0.089071,1264,1082633.88,0.723500,0.277503,12,10963.04,0.785950,0.247288,25,22493.73,0.814609,0.229539,37,33089.96,0.834319,0.217013,50,44498.22,0.848989,0.206486,63,55936.60,0.857790,0.199604,75,66425.15,0.866299,0.193322,88,77743.96,0.875700,0.183152,101,89048.27,0.881679,0.178355,113,99513.89,0.887339,0.172590,126,110833.57,0.898639,0.162856,158,138586.03,0.907009,0.154300,189,165496.80,0.914469,0.145512,221,193282.36,0.920369,0.138400,252,220121.62,0.924939,0.134303,284,247788.75,0.929609,0.129187,316,275466.59,0.933689,0.123749,347,302208.19,0.936939,0.119541,379,329828.19,0.939929,0.116117,411,357382.06,0.942528,0.113341,442,384000.38,0.944808,0.109981,474,411525.34,0.947328,0.105946,505,438124.22,0.949639,0.102666,537,465537.50,0.951409,0.100002,569,492979.94,0.952589,0.098944,600,519558.50,0.953669,0.097078,632,546916.31,0.973169,0.067261,1264,1082633.88,,"{""calinski_harabasz"":534.439423,""silhouette"":0.076243,""verbose"":false,""update_index"":false,""int_centroids"":false,""seed"":1234,""frozen_centroids"":false,""spherical"":false,""min_points_per_centroid"":39,""nredo"":1,""max_points_per_centroid"":999999,""niter"":25}"
2026-07-31 08:02:47,faiss,cohere,25,25,1024,10000000,12649,15732641.78,2,5064683.000000,0.769500,0.321751,12,10963.04,0.819600,0.285337,25,22493.73,0.844100,0.266000,37,33089.96,0.861101,0.250600,50,44498.22,0.873701,0.238108,63,55936.60,0.880701,0.231065,75,66425.15,0.888401,0.223955,88,77743.96,0.896801,0.213156,101,89048.27,0.901201,0.208332,113,99513.89,0.906000,0.202743,126,110833.57,0.915201,0.194594,158,138586.03,0.924601,0.179408,189,165496.80,0.928301,0.174698,221,193282.36,0.934001,0.166409,252,220121.62,0.937801,0.162719,284,247788.75,0.941001,0.158253,316,275466.59,0.944601,0.152493,347,302208.19,0.947500,0.147836,379,329828.19,0.949901,0.143460,411,357382.06,0.951101,0.140708,442,384000.38,0.952401,0.138541,474,411525.34,0.954901,0.132263,505,438124.22,0.957401,0.126021,537,465537.50,0.959101,0.123501,569,492979.94,0.960001,0.122045,600,519558.50,0.960801,0.121235,632,546916.31,0.977101,0.089071,1264,1082633.88,0.723500,0.277503,12,10963.04,0.785950,0.247288,25,22493.73,0.814609,0.229539,37,33089.96,0.834319,0.217013,50,44498.22,0.848989,0.206486,63,55936.60,0.857790,0.199604,75,66425.15,0.866299,0.193322,88,77743.96,0.875700,0.183152,101,89048.27,0.881679,0.178355,113,99513.89,0.887339,0.172590,126,110833.57,0.898639,0.162856,158,138586.03,0.907009,0.154300,189,165496.80,0.914469,0.145512,221,193282.36,0.920369,0.138400,252,220121.62,0.924939,0.134303,284,247788.75,0.929609,0.129187,316,275466.59,0.933689,0.123749,347,302208.19,0.936939,0.119541,379,329828.19,0.939929,0.116117,411,357382.06,0.942528,0.113341,442,384000.38,0.944808,0.109981,474,411525.34,0.947328,0.105946,505,438124.22,0.949639,0.102666,537,465537.50,0.951409,0.100002,569,492979.94,0.952589,0.098944,600,519558.50,0.953669,0.097078,632,546916.31,0.973169,0.067261,1264,1082633.88,,"{""calinski_harabasz"":534.439423,""silhouette"":0.076243,""verbose"":false,""update_index"":false,""int_centroids"":false,""seed"":1234,""frozen_centroids"":false,""spherical"":false,""min_points_per_centroid"":39,""nredo"":1,""max_points_per_centroid"":999999,""niter"":25}"
2026-07-31 17:24:21,faiss,cohere,25,25,1024,10000000,12649,31019661.17,1,5064683.000000,0.769500,0.321751,12,10963.04,0.819600,0.285337,25,22493.73,0.844100,0.266000,37,33089.96,0.861101,0.250600,50,44498.22,0.873701,0.238108,63,55936.60,0.880701,0.231065,75,66425.15,0.888401,0.223955,88,77743.96,0.896801,0.213156,101,89048.27,0.901201,0.208332,113,99513.89,0.906000,0.202743,126,110833.57,0.915201,0.194594,158,138586.03,0.924601,0.179408,189,165496.80,0.928301,0.174698,221,193282.36,0.934001,0.166409,252,220121.62,0.937801,0.162719,284,247788.75,0.941001,0.158253,316,275466.59,0.944601,0.152493,347,302208.19,0.947500,0.147836,379,329828.19,0.949901,0.143460,411,357382.06,0.951101,0.140708,442,384000.38,0.952401,0.138541,474,411525.34,0.954901,0.132263,505,438124.22,0.957401,0.126021,537,465537.50,0.959101,0.123501,569,492979.94,0.960001,0.122045,600,519558.50,0.960801,0.121235,632,546916.31,0.977101,0.089071,1264,1082633.88,0.723500,0.277503,12,10963.04,0.785950,0.247288,25,22493.73,0.814609,0.229539,37,33089.96,0.834319,0.217013,50,44498.22,0.848989,0.206486,63,55936.60,0.857790,0.199604,75,66425.15,0.866299,0.193322,88,77743.96,0.875700,0.183152,101,89048.27,0.881679,0.178355,113,99513.89,0.887339,0.172590,126,110833.57,0.898639,0.162856,158,138586.03,0.907009,0.154300,189,165496.80,0.914469,0.145512,221,193282.36,0.920369,0.138400,252,220121.62,0.924939,0.134303,284,247788.75,0.929609,0.129187,316,275466.59,0.933689,0.123749,347,302208.19,0.936939,0.119541,379,329828.19,0.939929,0.116117,411,357382.06,0.942528,0.113341,442,384000.38,0.944808,0.109981,474,411525.34,0.947328,0.105946,505,438124.22,0.949639,0.102666,537,465537.50,0.951409,0.100002,569,492979.94,0.952589,0.098944,600,519558.50,0.953669,0.097078,632,546916.31,0.973169,0.067261,1264,1082633.88,,"{""calinski_harabasz"":534.439423,""silhouette"":0.076243,""verbose"":false,""update_index"":false,""int_centroids"":false,""seed"":1234,""frozen_centroids"":false,""spherical"":false,""min_points_per_centroid"":39,""nredo"":1,""max_points_per_centroid"":999999,""niter"":25}"
